protein,reporter,rep1,rep2,rep3,rep4
hisC,BAT1-WT,1,1,1,1
wt,BAT1-WT,1.512,1.215,1.242,1.58
k88n,BAT1-WT,3.276,3.938,2.359,2.459
hisC,BAT1-P5GA,1,1,1,1
wt,BAT1-P5GA,1.834,1.722,1.662,1.864
k88n,BAT1-P5GA,1.397,1.395,1.521,1.432
hisC,BAT1-mAB,1,1,1,1
wt,BAT1-mAB,0.962,0.975,nan,1.097
k88n,BAT1-mAB,0.903,1.09,0.92,0.869
hisC,BAT1-mA,1,1,1,1
wt,BAT1-mA,2.318,2.201,2.418,2.613
k88n,BAT1-mA,1.585,1.523,1.369,1.284
hisC,BAT1-mB,1,1,1,1
wt,BAT1-mB,0.949,0.826,1.157,1.193
k88n,BAT1-mB,1.237,1.217,1.213,1.348